"Epic","Feature","Story","FAILED","BROKEN","PASSED","SKIPPED","UNKNOWN"
"","Prepositions with adjectives.","","0","0","3","0","0"
"","Prepositions with verbs (p3).","","0","0","3","0","0"
"","Prepositions with adjectives 2.","","0","0","3","0","0"
"","Prepositions with verbs (p5).","","0","0","3","0","0"
"","Prepositions with verbs (p4).","","1","0","2","0","0"
"","Prepositions with nouns.","","0","0","3","0","0"
"","In/on time, at/in the end/beginning.","","0","0","3","0","0"
"","Usage of ""by"" preposition.","","0","0","3","0","0"
"","Prepositions with verbs (p2).","","0","0","3","0","0"
"","To/at/in/into.","","0","0","3","0","0"
"","Prepositions with verbs.","","0","0","3","0","0"
"","Test Prepositions OfT Time Page.","","0","0","3","0","0"
